runid;date;abb;shortname;longname;census2019;doses_distributed;doses_administered;dist_per_100k;admin_per_100k;administered_dose1;administered_dose1_per_100k;administered_dose2;administered_dose2_per_100k;administered_moderna;administered_pfizer;administered_unk_manuf;population;state
1803;2021-01-15;AK;AKA;Alaska;731545;150450;49039;20566;6703;39546;5406;9406;1286;NA;NA;NA;731545;Alaska
1803;2021-01-15;AL;ALA;Alabama;4903185;444650;100567;9069;2051;86956;1773;13488;275;NA;NA;NA;4903185;Alabama
1803;2021-01-15;AR;ARA;Arkansas;3017804;297800;118338;9868;3921;97829;3242;18781;622;NA;NA;NA;3017825;Arkansas
1803;2021-01-15;AS;ASA;American Samoa;55689;18450;3883;33130;6973;3144;5646;738;1325;NA;NA;NA;55641;NA
1803;2021-01-15;AZ;AZA;Arizona;7278717;571725;197086;7855;2708;176213;2421;20837;286;NA;NA;NA;7278717;Arizona
1803;2021-01-15;BP2;BP2;Bureau of Prisons;0;16750;16685;0;0;14565;0;2086;0;NA;NA;NA;NA;NA
1803;2021-01-15;CA;CAA;California;39512223;3548575;1072959;8981;2716;865387;2190;204374;517;NA;NA;NA;39512223;California
1803;2021-01-15;CO;COA;Colorado;5758736;531775;272233;9234;4727;223761;3886;47021;817;NA;NA;NA;5758736;Colorado
1803;2021-01-15;CT;CTA;Connecticut;3565287;328775;185866;9222;5213;166722;4676;17162;481;NA;NA;NA;3565287;Connecticut
1803;2021-01-15;DC;DCA;District of Columbia;705749;68325;39934;9681;5658;31667;4487;8250;1169;NA;NA;NA;705749;District of Columbia
1803;2021-01-15;DD2;DD2;Dept of Defense;0;507975;201485;0;0;179004;0;17946;0;NA;NA;NA;NA;NA
1803;2021-01-15;DE;DEA;Delaware;973764;91250;31090;9371;3193;25649;2634;5354;550;NA;NA;NA;973764;Delaware
1803;2021-01-15;FL;FLA;Florida;21477737;2069175;853081;9634;3972;776430;3615;74776;348;NA;NA;NA;21477737;Florida
1803;2021-01-15;FM;FMA;Federated States of Micronesia;103643;9800;694;9456;670;692;668;2;2;NA;NA;NA;NA;NA
1803;2021-01-15;GA;GAA;Georgia;10617423;1011200;231305;9524;2179;204301;1924;22324;210;NA;NA;NA;10617423;Georgia
1803;2021-01-15;GU;GUA;Guam;165768;34300;3791;20692;2287;3785;2283;0;0;NA;NA;NA;165718;NA
1803;2021-01-15;HI;HIA;Hawaii;1415872;154150;46958;10887;3317;39690;2803;7268;513;NA;NA;NA;1415872;Hawaii
1803;2021-01-15;IA;IAA;Iowa;3155070;269000;120983;8526;3835;108056;3425;10742;340;NA;NA;NA;3155070;Iowa
1803;2021-01-15;ID;IDA;Idaho;1787065;160075;46636;8957;2610;37646;2107;8843;495;NA;NA;NA;1787065;Idaho
1803;2021-01-15;IH2;IH2;Indian Health Svc;0;292700;90245;0;0;77309;0;12730;0;NA;NA;NA;NA;NA
1803;2021-01-15;IL;ILA;Illinois;12671821;1011225;437765;7980;3455;341518;2695;91248;720;NA;NA;NA;12671821;Illinois
1803;2021-01-15;IN;INA;Indiana;6732219;642425;260310;9543;3867;222599;3306;37683;560;NA;NA;NA;6732219;Indiana
1803;2021-01-15;KS;KSA;Kansas;2913314;263175;97779;9034;3356;83293;2859;13496;463;NA;NA;NA;2913314;Kansas
1803;2021-01-15;KY;KYA;Kentucky;4467673;337450;174748;7553;3911;162733;3642;10672;239;NA;NA;NA;4467673;Kentucky
1803;2021-01-15;LA;LAA;Louisiana;4648794;370175;197967;7963;4258;167193;3596;30416;654;NA;NA;NA;4648794;Louisiana
1803;2021-01-15;MA;MAA;Massachusetts;6892503;669325;257175;9711;3731;222109;3222;34885;506;NA;NA;NA;6949503;Massachusetts
1803;2021-01-15;MD;MDA;Maryland;6045680;565125;194705;9348;3221;178831;2958;15830;262;NA;NA;NA;6045680;Maryland
1803;2021-01-15;ME;MEA;Maine;1344212;136875;61129;10183;4548;51631;3841;8274;616;NA;NA;NA;1344212;Maine
1803;2021-01-15;MH;MHA;Marshall Islands;58413;13600;658;23282;1126;632;1082;2;3;NA;NA;NA;NA;NA
1803;2021-01-15;MI;MIA;Michigan;9986857;773750;364182;7748;3647;312415;3128;48536;486;NA;NA;NA;9986857;Michigan
1803;2021-01-15;MN;MNA;Minnesota;5639632;519600;198253;9213;3515;170273;3019;27799;493;NA;NA;NA;5639632;Minnesota
1803;2021-01-15;MO;MOA;Missouri;6137428;528800;190447;8616;3103;153664;2504;36525;595;NA;NA;NA;1068778;Missouri
1803;2021-01-15;MP;MPA;Northern Mariana Islands;56882;18650;4909;32787;8630;3760;6610;1146;2015;NA;NA;NA;55194;NA
1803;2021-01-15;MS;MSA;Mississippi;2976149;233550;84328;7847;2833;75885;2550;8396;282;NA;NA;NA;2976149;Mississippi
1803;2021-01-15;MT;MTA;Montana;1068778;98500;49364;9216;4619;41160;3851;8193;767;NA;NA;NA;1068778;Montana
1803;2021-01-15;NC;NCA;North Carolina;10488084;999650;302824;9531;2887;259859;2478;42790;408;NA;NA;NA;10488084;North Carolina
1803;2021-01-15;ND;NDA;North Dakota;762062;68675;46410;9012;6090;38506;5053;7555;991;NA;NA;NA;762062;North Dakota
1803;2021-01-15;NE;NEA;Nebraska;1934408;211500;91195;10934;4714;77734;4018;13050;675;NA;NA;NA;1934408;Nebraska
1803;2021-01-15;NH;NHA;New Hampshire;1359711;127225;62517;9357;4598;56797;4177;5700;419;NA;NA;NA;1359711;New Hampshire
1803;2021-01-15;NJ;NJA;New Jersey;8882190;658800;317070;7417;3570;278956;3141;36741;414;NA;NA;NA;8882190;New Jersey
1803;2021-01-15;NM;NMA;New Mexico;2096829;204750;99305;9765;4736;80172;3823;18711;892;NA;NA;NA;2096829;New Mexico
1803;2021-01-15;NV;NVA;Nevada;3080156;211750;83674;6875;2717;67679;2197;15308;497;NA;NA;NA;3080156;Nevada
1803;2021-01-15;NY;NYA;New York State;19453561;1884325;757466;9686;3894;671311;3451;73523;378;NA;NA;NA;19453561;New York
1803;2021-01-15;OH;OHA;Ohio;11689100;968250;375428;8283;3212;361818;3095;13552;116;NA;NA;NA;11689100;Ohio
1803;2021-01-15;OK;OKA;Oklahoma;3956971;424000;203410;10715;5141;173162;4376;28917;731;NA;NA;NA;3956971;Oklahoma
1803;2021-01-15;OR;ORA;Oregon;4217737;335075;146153;7944;3465;133091;3156;12795;303;NA;NA;NA;4217737;Oregon
1803;2021-01-15;PA;PAA;Pennsylvania;12801989;1075350;448151;8400;3501;380727;2974;66941;523;NA;NA;NA;12801989;Pennsylvania
1803;2021-01-15;PR;PRA;Puerto Rico;3193694;311325;104137;9748;3261;87512;2740;16360;512;NA;NA;NA;3193694;Puerto Rico
1803;2021-01-15;RI;RIA;Rhode Island;1059361;108425;47548;10235;4488;39381;3717;8156;770;NA;NA;NA;1059361;Rhode Island
1803;2021-01-15;RP;RPA;Republic of Palau;17907;6000;1119;33506;6249;1118;6243;1;6;NA;NA;NA;NA;NA
1803;2021-01-15;SC;SCA;South Carolina;5148714;350550;121836;6808;2366;101722;1976;19477;378;NA;NA;NA;5148714;South Carolina
1803;2021-01-15;SD;SDA;South Dakota;884659;93675;57103;10589;6455;47389;5357;9666;1093;NA;NA;NA;884659;South Dakota
1803;2021-01-15;TN;TNA;Tennessee;6829174;657550;303338;9629;4442;264912;3879;37800;554;NA;NA;NA;6833174;Tennessee
1803;2021-01-15;TX;TXA;Texas;28995881;2105600;1160242;7262;4001;1003412;3461;155660;537;NA;NA;NA;28995881;Texas
1803;2021-01-15;UT;UTA;Utah;3205958;268175;128210;8365;3999;114504;3572;10534;329;NA;NA;NA;3205958;Utah
1803;2021-01-15;VA;VAA;Virginia;8535519;852725;244234;9990;2861;214732;2516;28164;330;NA;NA;NA;8535519;Virginia
1803;2021-01-15;VA2;VA2;Veterans Health;0;994425;317771;0;0;280461;0;36983;0;NA;NA;NA;NA;NA
1803;2021-01-15;VI;VIA;Virgin Islands;104680;11825;1631;11296;1558;1474;1408;157;150;NA;NA;NA;104914;NA
1803;2021-01-15;VT;VTA;Vermont;623989;74000;32470;11859;5204;28355;4544;4100;657;NA;NA;NA;623989;Vermont
1803;2021-01-15;WA;WAA;Washington;7614893;696175;242606;9142;3186;200682;2635;31581;415;NA;NA;NA;7614893;Washington
1803;2021-01-15;WI;WIA;Wisconsin;5822434;437900;169803;7521;2916;151387;2600;17108;294;NA;NA;NA;5822434;Wisconsin
1803;2021-01-15;WV;WVA;West Virginia;1792147;205475;134207;11465;7489;113034;6307;21162;1181;NA;NA;NA;1792147;West Virginia
1803;2021-01-15;WY;WYA;Wyoming;578759;58775;22745;10155;3930;19931;3444;2803;484;NA;NA;NA;578759;Wyoming
1803;2021-01-15;US;USA;United States;331996199;31161075;12279180;NA;NA;10595866;NA;1610524;NA;5122662;7153268;3250;NA;NA
1803;2021-01-15;LTC;LTC;Long Term Care;NA;NA;1384963;NA;NA;NA;NA;NA;NA;NA;NA;NA;NA;NA
1804;2021-01-15;AK;AKA;Alaska;731545;150450;49039;20566;6703;39546;5406;9406;1286;NA;NA;NA;731545;Alaska
1804;2021-01-15;AL;ALA;Alabama;4903185;444650;100567;9069;2051;86956;1773;13488;275;NA;NA;NA;4903185;Alabama
1804;2021-01-15;AR;ARA;Arkansas;3017804;297800;118338;9868;3921;97829;3242;18781;622;NA;NA;NA;3017825;Arkansas
1804;2021-01-15;AS;ASA;American Samoa;55689;18450;3883;33130;6973;3144;5646;738;1325;NA;NA;NA;55641;NA
1804;2021-01-15;AZ;AZA;Arizona;7278717;571725;197086;7855;2708;176213;2421;20837;286;NA;NA;NA;7278717;Arizona
1804;2021-01-15;BP2;BP2;Bureau of Prisons;0;16750;16685;0;0;14565;0;2086;0;NA;NA;NA;NA;NA
1804;2021-01-15;CA;CAA;California;39512223;3548575;1072959;8981;2716;865387;2190;204374;517;NA;NA;NA;39512223;California
1804;2021-01-15;CO;COA;Colorado;5758736;531775;272233;9234;4727;223761;3886;47021;817;NA;NA;NA;5758736;Colorado
1804;2021-01-15;CT;CTA;Connecticut;3565287;328775;185866;9222;5213;166722;4676;17162;481;NA;NA;NA;3565287;Connecticut
1804;2021-01-15;DC;DCA;District of Columbia;705749;68325;39934;9681;5658;31667;4487;8250;1169;NA;NA;NA;705749;District of Columbia
1804;2021-01-15;DD2;DD2;Dept of Defense;0;507975;201485;0;0;179004;0;17946;0;NA;NA;NA;NA;NA
1804;2021-01-15;DE;DEA;Delaware;973764;91250;31090;9371;3193;25649;2634;5354;550;NA;NA;NA;973764;Delaware
1804;2021-01-15;FL;FLA;Florida;21477737;2069175;853081;9634;3972;776430;3615;74776;348;NA;NA;NA;21477737;Florida
1804;2021-01-15;FM;FMA;Federated States of Micronesia;103643;9800;694;9456;670;692;668;2;2;NA;NA;NA;NA;NA
1804;2021-01-15;GA;GAA;Georgia;10617423;1011200;231305;9524;2179;204301;1924;22324;210;NA;NA;NA;10617423;Georgia
1804;2021-01-15;GU;GUA;Guam;165768;34300;3791;20692;2287;3785;2283;0;0;NA;NA;NA;165718;NA
1804;2021-01-15;HI;HIA;Hawaii;1415872;154150;46958;10887;3317;39690;2803;7268;513;NA;NA;NA;1415872;Hawaii
1804;2021-01-15;IA;IAA;Iowa;3155070;269000;120983;8526;3835;108056;3425;10742;340;NA;NA;NA;3155070;Iowa
1804;2021-01-15;ID;IDA;Idaho;1787065;160075;46636;8957;2610;37646;2107;8843;495;NA;NA;NA;1787065;Idaho
1804;2021-01-15;IH2;IH2;Indian Health Svc;0;292700;90245;0;0;77309;0;12730;0;NA;NA;NA;NA;NA
1804;2021-01-15;IL;ILA;Illinois;12671821;1011225;437765;7980;3455;341518;2695;91248;720;NA;NA;NA;12671821;Illinois
1804;2021-01-15;IN;INA;Indiana;6732219;642425;260310;9543;3867;222599;3306;37683;560;NA;NA;NA;6732219;Indiana
1804;2021-01-15;KS;KSA;Kansas;2913314;263175;97779;9034;3356;83293;2859;13496;463;NA;NA;NA;2913314;Kansas
1804;2021-01-15;KY;KYA;Kentucky;4467673;337450;174748;7553;3911;162733;3642;10672;239;NA;NA;NA;4467673;Kentucky
1804;2021-01-15;LA;LAA;Louisiana;4648794;370175;197967;7963;4258;167193;3596;30416;654;NA;NA;NA;4648794;Louisiana
1804;2021-01-15;MA;MAA;Massachusetts;6892503;669325;257175;9711;3731;222109;3222;34885;506;NA;NA;NA;6949503;Massachusetts
1804;2021-01-15;MD;MDA;Maryland;6045680;565125;194705;9348;3221;178831;2958;15830;262;NA;NA;NA;6045680;Maryland
1804;2021-01-15;ME;MEA;Maine;1344212;136875;61129;10183;4548;51631;3841;8274;616;NA;NA;NA;1344212;Maine
1804;2021-01-15;MH;MHA;Marshall Islands;58413;13600;658;23282;1126;632;1082;2;3;NA;NA;NA;NA;NA
1804;2021-01-15;MI;MIA;Michigan;9986857;773750;364182;7748;3647;312415;3128;48536;486;NA;NA;NA;9986857;Michigan
1804;2021-01-15;MN;MNA;Minnesota;5639632;519600;198253;9213;3515;170273;3019;27799;493;NA;NA;NA;5639632;Minnesota
1804;2021-01-15;MO;MOA;Missouri;6137428;528800;190447;8616;3103;153664;2504;36525;595;NA;NA;NA;1068778;Missouri
1804;2021-01-15;MP;MPA;Northern Mariana Islands;56882;18650;4909;32787;8630;3760;6610;1146;2015;NA;NA;NA;55194;NA
1804;2021-01-15;MS;MSA;Mississippi;2976149;233550;84328;7847;2833;75885;2550;8396;282;NA;NA;NA;2976149;Mississippi
1804;2021-01-15;MT;MTA;Montana;1068778;98500;49364;9216;4619;41160;3851;8193;767;NA;NA;NA;1068778;Montana
1804;2021-01-15;NC;NCA;North Carolina;10488084;999650;302824;9531;2887;259859;2478;42790;408;NA;NA;NA;10488084;North Carolina
1804;2021-01-15;ND;NDA;North Dakota;762062;68675;46410;9012;6090;38506;5053;7555;991;NA;NA;NA;762062;North Dakota
1804;2021-01-15;NE;NEA;Nebraska;1934408;211500;91195;10934;4714;77734;4018;13050;675;NA;NA;NA;1934408;Nebraska
1804;2021-01-15;NH;NHA;New Hampshire;1359711;127225;62517;9357;4598;56797;4177;5700;419;NA;NA;NA;1359711;New Hampshire
1804;2021-01-15;NJ;NJA;New Jersey;8882190;658800;317070;7417;3570;278956;3141;36741;414;NA;NA;NA;8882190;New Jersey
1804;2021-01-15;NM;NMA;New Mexico;2096829;204750;99305;9765;4736;80172;3823;18711;892;NA;NA;NA;2096829;New Mexico
1804;2021-01-15;NV;NVA;Nevada;3080156;211750;83674;6875;2717;67679;2197;15308;497;NA;NA;NA;3080156;Nevada
1804;2021-01-15;NY;NYA;New York State;19453561;1884325;757466;9686;3894;671311;3451;73523;378;NA;NA;NA;19453561;New York
1804;2021-01-15;OH;OHA;Ohio;11689100;968250;375428;8283;3212;361818;3095;13552;116;NA;NA;NA;11689100;Ohio
1804;2021-01-15;OK;OKA;Oklahoma;3956971;424000;203410;10715;5141;173162;4376;28917;731;NA;NA;NA;3956971;Oklahoma
1804;2021-01-15;OR;ORA;Oregon;4217737;335075;146153;7944;3465;133091;3156;12795;303;NA;NA;NA;4217737;Oregon
1804;2021-01-15;PA;PAA;Pennsylvania;12801989;1075350;448151;8400;3501;380727;2974;66941;523;NA;NA;NA;12801989;Pennsylvania
1804;2021-01-15;PR;PRA;Puerto Rico;3193694;311325;104137;9748;3261;87512;2740;16360;512;NA;NA;NA;3193694;Puerto Rico
1804;2021-01-15;RI;RIA;Rhode Island;1059361;108425;47548;10235;4488;39381;3717;8156;770;NA;NA;NA;1059361;Rhode Island
1804;2021-01-15;RP;RPA;Republic of Palau;17907;6000;1119;33506;6249;1118;6243;1;6;NA;NA;NA;NA;NA
1804;2021-01-15;SC;SCA;South Carolina;5148714;350550;121836;6808;2366;101722;1976;19477;378;NA;NA;NA;5148714;South Carolina
1804;2021-01-15;SD;SDA;South Dakota;884659;93675;57103;10589;6455;47389;5357;9666;1093;NA;NA;NA;884659;South Dakota
1804;2021-01-15;TN;TNA;Tennessee;6829174;657550;303338;9629;4442;264912;3879;37800;554;NA;NA;NA;6833174;Tennessee
1804;2021-01-15;TX;TXA;Texas;28995881;2105600;1160242;7262;4001;1003412;3461;155660;537;NA;NA;NA;28995881;Texas
1804;2021-01-15;UT;UTA;Utah;3205958;268175;128210;8365;3999;114504;3572;10534;329;NA;NA;NA;3205958;Utah
1804;2021-01-15;VA;VAA;Virginia;8535519;852725;244234;9990;2861;214732;2516;28164;330;NA;NA;NA;8535519;Virginia
1804;2021-01-15;VA2;VA2;Veterans Health;0;994425;317771;0;0;280461;0;36983;0;NA;NA;NA;NA;NA
1804;2021-01-15;VI;VIA;Virgin Islands;104680;11825;1631;11296;1558;1474;1408;157;150;NA;NA;NA;104914;NA
1804;2021-01-15;VT;VTA;Vermont;623989;74000;32470;11859;5204;28355;4544;4100;657;NA;NA;NA;623989;Vermont
1804;2021-01-15;WA;WAA;Washington;7614893;696175;242606;9142;3186;200682;2635;31581;415;NA;NA;NA;7614893;Washington
1804;2021-01-15;WI;WIA;Wisconsin;5822434;437900;169803;7521;2916;151387;2600;17108;294;NA;NA;NA;5822434;Wisconsin
1804;2021-01-15;WV;WVA;West Virginia;1792147;205475;134207;11465;7489;113034;6307;21162;1181;NA;NA;NA;1792147;West Virginia
1804;2021-01-15;WY;WYA;Wyoming;578759;58775;22745;10155;3930;19931;3444;2803;484;NA;NA;NA;578759;Wyoming
1804;2021-01-15;US;USA;United States;331996199;31161075;12279180;NA;NA;10595866;NA;1610524;NA;5122662;7153268;3250;NA;NA
1804;2021-01-15;LTC;LTC;Long Term Care;NA;NA;1384963;NA;NA;NA;NA;NA;NA;NA;NA;NA;NA;NA
1805;2021-01-15;AK;AKA;Alaska;731545;150450;49039;20566;6703;39546;5406;9406;1286;NA;NA;NA;731545;Alaska
1805;2021-01-15;AL;ALA;Alabama;4903185;444650;100567;9069;2051;86956;1773;13488;275;NA;NA;NA;4903185;Alabama
1805;2021-01-15;AR;ARA;Arkansas;3017804;297800;118338;9868;3921;97829;3242;18781;622;NA;NA;NA;3017825;Arkansas
1805;2021-01-15;AS;ASA;American Samoa;55689;18450;3883;33130;6973;3144;5646;738;1325;NA;NA;NA;55641;NA
1805;2021-01-15;AZ;AZA;Arizona;7278717;571725;197086;7855;2708;176213;2421;20837;286;NA;NA;NA;7278717;Arizona
1805;2021-01-15;BP2;BP2;Bureau of Prisons;0;16750;16685;0;0;14565;0;2086;0;NA;NA;NA;NA;NA
1805;2021-01-15;CA;CAA;California;39512223;3548575;1072959;8981;2716;865387;2190;204374;517;NA;NA;NA;39512223;California
1805;2021-01-15;CO;COA;Colorado;5758736;531775;272233;9234;4727;223761;3886;47021;817;NA;NA;NA;5758736;Colorado
1805;2021-01-15;CT;CTA;Connecticut;3565287;328775;185866;9222;5213;166722;4676;17162;481;NA;NA;NA;3565287;Connecticut
1805;2021-01-15;DC;DCA;District of Columbia;705749;68325;39934;9681;5658;31667;4487;8250;1169;NA;NA;NA;705749;District of Columbia
1805;2021-01-15;DD2;DD2;Dept of Defense;0;507975;201485;0;0;179004;0;17946;0;NA;NA;NA;NA;NA
1805;2021-01-15;DE;DEA;Delaware;973764;91250;31090;9371;3193;25649;2634;5354;550;NA;NA;NA;973764;Delaware
1805;2021-01-15;FL;FLA;Florida;21477737;2069175;853081;9634;3972;776430;3615;74776;348;NA;NA;NA;21477737;Florida
1805;2021-01-15;FM;FMA;Federated States of Micronesia;103643;9800;694;9456;670;692;668;2;2;NA;NA;NA;NA;NA
1805;2021-01-15;GA;GAA;Georgia;10617423;1011200;231305;9524;2179;204301;1924;22324;210;NA;NA;NA;10617423;Georgia
1805;2021-01-15;GU;GUA;Guam;165768;34300;3791;20692;2287;3785;2283;0;0;NA;NA;NA;165718;NA
1805;2021-01-15;HI;HIA;Hawaii;1415872;154150;46958;10887;3317;39690;2803;7268;513;NA;NA;NA;1415872;Hawaii
1805;2021-01-15;IA;IAA;Iowa;3155070;269000;120983;8526;3835;108056;3425;10742;340;NA;NA;NA;3155070;Iowa
1805;2021-01-15;ID;IDA;Idaho;1787065;160075;46636;8957;2610;37646;2107;8843;495;NA;NA;NA;1787065;Idaho
1805;2021-01-15;IH2;IH2;Indian Health Svc;0;292700;90245;0;0;77309;0;12730;0;NA;NA;NA;NA;NA
1805;2021-01-15;IL;ILA;Illinois;12671821;1011225;437765;7980;3455;341518;2695;91248;720;NA;NA;NA;12671821;Illinois
1805;2021-01-15;IN;INA;Indiana;6732219;642425;260310;9543;3867;222599;3306;37683;560;NA;NA;NA;6732219;Indiana
1805;2021-01-15;KS;KSA;Kansas;2913314;263175;97779;9034;3356;83293;2859;13496;463;NA;NA;NA;2913314;Kansas
1805;2021-01-15;KY;KYA;Kentucky;4467673;337450;174748;7553;3911;162733;3642;10672;239;NA;NA;NA;4467673;Kentucky
1805;2021-01-15;LA;LAA;Louisiana;4648794;370175;197967;7963;4258;167193;3596;30416;654;NA;NA;NA;4648794;Louisiana
1805;2021-01-15;MA;MAA;Massachusetts;6892503;669325;257175;9711;3731;222109;3222;34885;506;NA;NA;NA;6949503;Massachusetts
1805;2021-01-15;MD;MDA;Maryland;6045680;565125;194705;9348;3221;178831;2958;15830;262;NA;NA;NA;6045680;Maryland
1805;2021-01-15;ME;MEA;Maine;1344212;136875;61129;10183;4548;51631;3841;8274;616;NA;NA;NA;1344212;Maine
1805;2021-01-15;MH;MHA;Marshall Islands;58413;13600;658;23282;1126;632;1082;2;3;NA;NA;NA;NA;NA
1805;2021-01-15;MI;MIA;Michigan;9986857;773750;364182;7748;3647;312415;3128;48536;486;NA;NA;NA;9986857;Michigan
1805;2021-01-15;MN;MNA;Minnesota;5639632;519600;198253;9213;3515;170273;3019;27799;493;NA;NA;NA;5639632;Minnesota
1805;2021-01-15;MO;MOA;Missouri;6137428;528800;190447;8616;3103;153664;2504;36525;595;NA;NA;NA;1068778;Missouri
1805;2021-01-15;MP;MPA;Northern Mariana Islands;56882;18650;4909;32787;8630;3760;6610;1146;2015;NA;NA;NA;55194;NA
1805;2021-01-15;MS;MSA;Mississippi;2976149;233550;84328;7847;2833;75885;2550;8396;282;NA;NA;NA;2976149;Mississippi
1805;2021-01-15;MT;MTA;Montana;1068778;98500;49364;9216;4619;41160;3851;8193;767;NA;NA;NA;1068778;Montana
1805;2021-01-15;NC;NCA;North Carolina;10488084;999650;302824;9531;2887;259859;2478;42790;408;NA;NA;NA;10488084;North Carolina
1805;2021-01-15;ND;NDA;North Dakota;762062;68675;46410;9012;6090;38506;5053;7555;991;NA;NA;NA;762062;North Dakota
1805;2021-01-15;NE;NEA;Nebraska;1934408;211500;91195;10934;4714;77734;4018;13050;675;NA;NA;NA;1934408;Nebraska
1805;2021-01-15;NH;NHA;New Hampshire;1359711;127225;62517;9357;4598;56797;4177;5700;419;NA;NA;NA;1359711;New Hampshire
1805;2021-01-15;NJ;NJA;New Jersey;8882190;658800;317070;7417;3570;278956;3141;36741;414;NA;NA;NA;8882190;New Jersey
1805;2021-01-15;NM;NMA;New Mexico;2096829;204750;99305;9765;4736;80172;3823;18711;892;NA;NA;NA;2096829;New Mexico
1805;2021-01-15;NV;NVA;Nevada;3080156;211750;83674;6875;2717;67679;2197;15308;497;NA;NA;NA;3080156;Nevada
1805;2021-01-15;NY;NYA;New York State;19453561;1884325;757466;9686;3894;671311;3451;73523;378;NA;NA;NA;19453561;New York
1805;2021-01-15;OH;OHA;Ohio;11689100;968250;375428;8283;3212;361818;3095;13552;116;NA;NA;NA;11689100;Ohio
1805;2021-01-15;OK;OKA;Oklahoma;3956971;424000;203410;10715;5141;173162;4376;28917;731;NA;NA;NA;3956971;Oklahoma
1805;2021-01-15;OR;ORA;Oregon;4217737;335075;146153;7944;3465;133091;3156;12795;303;NA;NA;NA;4217737;Oregon
1805;2021-01-15;PA;PAA;Pennsylvania;12801989;1075350;448151;8400;3501;380727;2974;66941;523;NA;NA;NA;12801989;Pennsylvania
1805;2021-01-15;PR;PRA;Puerto Rico;3193694;311325;104137;9748;3261;87512;2740;16360;512;NA;NA;NA;3193694;Puerto Rico
1805;2021-01-15;RI;RIA;Rhode Island;1059361;108425;47548;10235;4488;39381;3717;8156;770;NA;NA;NA;1059361;Rhode Island
1805;2021-01-15;RP;RPA;Republic of Palau;17907;6000;1119;33506;6249;1118;6243;1;6;NA;NA;NA;NA;NA
1805;2021-01-15;SC;SCA;South Carolina;5148714;350550;121836;6808;2366;101722;1976;19477;378;NA;NA;NA;5148714;South Carolina
1805;2021-01-15;SD;SDA;South Dakota;884659;93675;57103;10589;6455;47389;5357;9666;1093;NA;NA;NA;884659;South Dakota
1805;2021-01-15;TN;TNA;Tennessee;6829174;657550;303338;9629;4442;264912;3879;37800;554;NA;NA;NA;6833174;Tennessee
1805;2021-01-15;TX;TXA;Texas;28995881;2105600;1160242;7262;4001;1003412;3461;155660;537;NA;NA;NA;28995881;Texas
1805;2021-01-15;UT;UTA;Utah;3205958;268175;128210;8365;3999;114504;3572;10534;329;NA;NA;NA;3205958;Utah
1805;2021-01-15;VA;VAA;Virginia;8535519;852725;244234;9990;2861;214732;2516;28164;330;NA;NA;NA;8535519;Virginia
1805;2021-01-15;VA2;VA2;Veterans Health;0;994425;317771;0;0;280461;0;36983;0;NA;NA;NA;NA;NA
1805;2021-01-15;VI;VIA;Virgin Islands;104680;11825;1631;11296;1558;1474;1408;157;150;NA;NA;NA;104914;NA
1805;2021-01-15;VT;VTA;Vermont;623989;74000;32470;11859;5204;28355;4544;4100;657;NA;NA;NA;623989;Vermont
1805;2021-01-15;WA;WAA;Washington;7614893;696175;242606;9142;3186;200682;2635;31581;415;NA;NA;NA;7614893;Washington
1805;2021-01-15;WI;WIA;Wisconsin;5822434;437900;169803;7521;2916;151387;2600;17108;294;NA;NA;NA;5822434;Wisconsin
1805;2021-01-15;WV;WVA;West Virginia;1792147;205475;134207;11465;7489;113034;6307;21162;1181;NA;NA;NA;1792147;West Virginia
1805;2021-01-15;WY;WYA;Wyoming;578759;58775;22745;10155;3930;19931;3444;2803;484;NA;NA;NA;578759;Wyoming
1805;2021-01-15;US;USA;United States;331996199;31161075;12279180;NA;NA;10595866;NA;1610524;NA;5122662;7153268;3250;NA;NA
1805;2021-01-15;LTC;LTC;Long Term Care;NA;NA;1384963;NA;NA;NA;NA;NA;NA;NA;NA;NA;NA;NA
1809;2021-01-19;AK;AKA;Alaska;731545;150450;66331;20566;9067;55434;7578;10802;1477;NA;NA;NA;731545;Alaska
1809;2021-01-19;AL;ALA;Alabama;4903185;444650;130795;9069;2668;114319;2332;16346;333;NA;NA;NA;4903185;Alabama
1809;2021-01-19;AR;ARA;Arkansas;3017804;297800;142337;9868;4717;118763;3935;21734;720;NA;NA;NA;3017825;Arkansas
1809;2021-01-19;AS;ASA;American Samoa;55689;18450;4756;33130;8540;3985;7156;770;1383;NA;NA;NA;55641;NA
1809;2021-01-19;AZ;AZA;Arizona;7278717;571725;266276;7855;3658;235331;3233;30892;424;NA;NA;NA;7278717;Arizona
1809;2021-01-19;BP2;BP2;Bureau of Prisons;0;16750;17628;0;0;15500;0;2091;0;NA;NA;NA;NA;NA
1809;2021-01-19;CA;CAA;California;39512223;3548575;1460430;8981;3696;1195969;3027;260838;660;NA;NA;NA;39512223;California
1809;2021-01-19;CO;COA;Colorado;5758736;531775;330292;9234;5735;278639;4839;49897;866;NA;NA;NA;5758736;Colorado
1809;2021-01-19;CT;CTA;Connecticut;3565287;328775;229524;9222;6438;201664;5656;23150;649;NA;NA;NA;3565287;Connecticut
1809;2021-01-19;DC;DCA;District of Columbia;705749;68325;49988;9681;7083;39747;5632;10196;1445;NA;NA;NA;705749;District of Columbia
1809;2021-01-19;DD2;DD2;Dept of Defense;0;507975;254778;0;0;227934;0;21753;0;NA;NA;NA;NA;NA
1809;2021-01-19;DE;DEA;Delaware;973764;91250;42557;9371;4370;35679;3664;6768;695;NA;NA;NA;973764;Delaware
1809;2021-01-19;FL;FLA;Florida;21477737;2069175;1174685;9634;5469;1068787;4976;103173;480;NA;NA;NA;21477737;Florida
1809;2021-01-19;FM;FMA;Federated States of Micronesia;103643;9800;1436;9456;1386;1434;1384;2;2;NA;NA;NA;NA;NA
1809;2021-01-19;GA;GAA;Georgia;10617423;1011200;312336;9524;2942;278151;2620;28907;272;NA;NA;NA;10617423;Georgia
1809;2021-01-19;GU;GUA;Guam;165768;34300;3791;20692;2287;3785;2283;0;0;NA;NA;NA;165718;NA
1809;2021-01-19;HI;HIA;Hawaii;1415872;154150;63954;10887;4517;52635;3717;11319;799;NA;NA;NA;1415872;Hawaii
1809;2021-01-19;IA;IAA;Iowa;3155070;269000;144955;8526;4594;130042;4122;12629;400;NA;NA;NA;3155070;Iowa
1809;2021-01-19;ID;IDA;Idaho;1787065;160075;63975;8957;3580;53609;3000;10165;569;NA;NA;NA;1787065;Idaho
1809;2021-01-19;IH2;IH2;Indian Health Svc;0;292700;104140;0;0;90329;0;13348;0;NA;NA;NA;NA;NA
1809;2021-01-19;IL;ILA;Illinois;12671821;1011225;525261;7980;4145;414362;3270;104533;825;NA;NA;NA;12671821;Illinois
1809;2021-01-19;IN;INA;Indiana;6732219;642425;334686;9543;4971;283779;4215;50862;756;NA;NA;NA;6732219;Indiana
1809;2021-01-19;KS;KSA;Kansas;2913314;263175;118434;9034;4065;101824;3495;15602;536;NA;NA;NA;2913314;Kansas
1809;2021-01-19;KY;KYA;Kentucky;4467673;337450;216039;7553;4836;201688;4514;12911;289;NA;NA;NA;4467673;Kentucky
1809;2021-01-19;LA;LAA;Louisiana;4648794;370175;255591;7963;5498;221109;4756;33967;731;NA;NA;NA;4648794;Louisiana
1809;2021-01-19;MA;MAA;Massachusetts;6892503;669325;318877;9711;4626;277612;4028;41053;596;NA;NA;NA;6949503;Massachusetts
1809;2021-01-19;MD;MDA;Maryland;6045680;565125;247597;9348;4095;225456;3729;21794;360;NA;NA;NA;6045680;Maryland
1809;2021-01-19;ME;MEA;Maine;1344212;136875;73978;10183;5503;62716;4666;10018;745;NA;NA;NA;1344212;Maine
1809;2021-01-19;MH;MHA;Marshall Islands;58413;13600;1282;23282;2195;1250;2140;2;3;NA;NA;NA;NA;NA
1809;2021-01-19;MI;MIA;Michigan;9986857;773750;483592;7748;4842;417228;4178;62780;629;NA;NA;NA;9986857;Michigan
1809;2021-01-19;MN;MNA;Minnesota;5639632;519600;251535;9213;4460;209118;3708;42116;747;NA;NA;NA;5639632;Minnesota
1809;2021-01-19;MO;MOA;Missouri;6137428;528800;236254;8616;3849;189793;3092;45368;739;NA;NA;NA;1068778;Missouri
1809;2021-01-19;MP;MPA;Northern Mariana Islands;56882;18650;6372;32787;11202;4453;7828;1916;3368;NA;NA;NA;55194;NA
1809;2021-01-19;MS;MSA;Mississippi;2976149;233550;113572;7847;3816;103946;3493;9545;321;NA;NA;NA;2976149;Mississippi
1809;2021-01-19;MT;MTA;Montana;1068778;98500;55893;9216;5230;47209;4417;8671;811;NA;NA;NA;1068778;Montana
1809;2021-01-19;NC;NCA;North Carolina;10488084;999650;400779;9531;3821;346533;3304;54012;515;NA;NA;NA;10488084;North Carolina
1809;2021-01-19;ND;NDA;North Dakota;762062;68675;56608;9012;7428;47616;6248;8641;1134;NA;NA;NA;762062;North Dakota
1809;2021-01-19;NE;NEA;Nebraska;1934408;211500;103689;10934;5360;89054;4604;13860;716;NA;NA;NA;1934408;Nebraska
1809;2021-01-19;NH;NHA;New Hampshire;1359711;127225;71556;9357;5263;64402;4736;7120;524;NA;NA;NA;1359711;New Hampshire
1809;2021-01-19;NJ;NJA;New Jersey;8882190;658800;400148;7417;4505;354653;3993;43879;494;NA;NA;NA;8882190;New Jersey
1809;2021-01-19;NM;NMA;New Mexico;2096829;204750;138150;9765;6589;112450;5363;23236;1108;NA;NA;NA;2096829;New Mexico
1809;2021-01-19;NV;NVA;Nevada;3080156;211750;102840;6875;3339;85391;2772;16665;541;NA;NA;NA;3080156;Nevada
1809;2021-01-19;NY;NYA;New York State;19453561;1884325;1000319;9686;5142;884908;4549;102187;525;NA;NA;NA;19453561;New York
1809;2021-01-19;OH;OHA;Ohio;11689100;968250;472084;8283;4039;444812;3805;27139;232;NA;NA;NA;11689100;Ohio
1809;2021-01-19;OK;OKA;Oklahoma;3956971;424000;242093;10715;6118;209687;5299;30919;781;NA;NA;NA;3956971;Oklahoma
1809;2021-01-19;OR;ORA;Oregon;4217737;335075;216928;7944;5143;192550;4565;23866;566;NA;NA;NA;4217737;Oregon
1809;2021-01-19;PA;PAA;Pennsylvania;12801989;1075350;544416;8400;4253;464339;3627;79526;621;NA;NA;NA;12801989;Pennsylvania
1809;2021-01-19;PR;PRA;Puerto Rico;3193694;311325;129530;9748;4056;107661;3371;21368;669;NA;NA;NA;3193694;Puerto Rico
1809;2021-01-19;RI;RIA;Rhode Island;1059361;108425;54081;10235;5105;44164;4169;9902;935;NA;NA;NA;1059361;Rhode Island
1809;2021-01-19;RP;RPA;Republic of Palau;17907;6000;1914;33506;10689;1913;10683;1;6;NA;NA;NA;NA;NA
1809;2021-01-19;SC;SCA;South Carolina;5148714;350550;187175;6808;3635;155548;3021;30243;587;NA;NA;NA;5148714;South Carolina
1809;2021-01-19;SD;SDA;South Dakota;884659;93675;61113;10589;6908;51288;5797;9777;1105;NA;NA;NA;884659;South Dakota
1809;2021-01-19;TN;TNA;Tennessee;6829174;657550;351813;9629;5152;302260;4426;48867;716;NA;NA;NA;6833174;Tennessee
1809;2021-01-19;TX;TXA;Texas;28995881;2105600;1403989;7262;4842;1222952;4218;179801;620;NA;NA;NA;28995881;Texas
1809;2021-01-19;UT;UTA;Utah;3205958;268175;163205;8365;5091;144056;4493;15367;479;NA;NA;NA;3205958;Utah
1809;2021-01-19;VA;VAA;Virginia;8535519;852725;326894;9990;3830;290146;3399;35239;413;NA;NA;NA;8535519;Virginia
1809;2021-01-19;VA2;VA2;Veterans Health;0;994425;416209;0;0;372382;0;43469;0;NA;NA;NA;NA;NA
1809;2021-01-19;VI;VIA;Virgin Islands;104680;11825;2135;11296;2040;1970;1882;165;158;NA;NA;NA;104914;NA
1809;2021-01-19;VT;VTA;Vermont;623989;74000;40581;11859;6503;34427;5517;6114;980;NA;NA;NA;623989;Vermont
1809;2021-01-19;WA;WAA;Washington;7614893;696175;321200;9142;4218;265507;3487;45237;594;NA;NA;NA;7614893;Washington
1809;2021-01-19;WI;WIA;Wisconsin;5822434;437900;213498;7521;3667;188144;3231;23641;406;NA;NA;NA;5822434;Wisconsin
1809;2021-01-19;WV;WVA;West Virginia;1792147;205475;152657;11465;8518;128923;7194;23723;1324;NA;NA;NA;1792147;West Virginia
1809;2021-01-19;WY;WYA;Wyoming;578759;58775;28057;10155;4848;24788;4283;3242;560;NA;NA;NA;578759;Wyoming
1809;2021-01-19;US;USA;United States;331996199;31161075;15707588;NA;NA;13595803;NA;2023124;NA;6828561;8874811;4216;NA;NA
1809;2021-01-19;LTC;LTC;Long Term Care;NA;NA;1745441;NA;NA;NA;NA;NA;NA;NA;NA;NA;NA;NA
1812;2021-01-19;AK;AKA;Alaska;731545;150450;66331;20566;9067;55434;7578;10802;1477;NA;NA;NA;731545;Alaska
1812;2021-01-19;AL;ALA;Alabama;4903185;444650;130795;9069;2668;114319;2332;16346;333;NA;NA;NA;4903185;Alabama
1812;2021-01-19;AR;ARA;Arkansas;3017804;297800;142337;9868;4717;118763;3935;21734;720;NA;NA;NA;3017825;Arkansas
1812;2021-01-19;AS;ASA;American Samoa;55689;18450;4756;33130;8540;3985;7156;770;1383;NA;NA;NA;55641;NA
1812;2021-01-19;AZ;AZA;Arizona;7278717;571725;266276;7855;3658;235331;3233;30892;424;NA;NA;NA;7278717;Arizona
1812;2021-01-19;BP2;BP2;Bureau of Prisons;0;16750;17628;0;0;15500;0;2091;0;NA;NA;NA;NA;NA
1812;2021-01-19;CA;CAA;California;39512223;3548575;1460430;8981;3696;1195969;3027;260838;660;NA;NA;NA;39512223;California
1812;2021-01-19;CO;COA;Colorado;5758736;531775;330292;9234;5735;278639;4839;49897;866;NA;NA;NA;5758736;Colorado
1812;2021-01-19;CT;CTA;Connecticut;3565287;328775;229524;9222;6438;201664;5656;23150;649;NA;NA;NA;3565287;Connecticut
1812;2021-01-19;DC;DCA;District of Columbia;705749;68325;49988;9681;7083;39747;5632;10196;1445;NA;NA;NA;705749;District of Columbia
1812;2021-01-19;DD2;DD2;Dept of Defense;0;507975;254778;0;0;227934;0;21753;0;NA;NA;NA;NA;NA
1812;2021-01-19;DE;DEA;Delaware;973764;91250;42557;9371;4370;35679;3664;6768;695;NA;NA;NA;973764;Delaware
1812;2021-01-19;FL;FLA;Florida;21477737;2069175;1174685;9634;5469;1068787;4976;103173;480;NA;NA;NA;21477737;Florida
1812;2021-01-19;FM;FMA;Federated States of Micronesia;103643;9800;1436;9456;1386;1434;1384;2;2;NA;NA;NA;NA;NA
1812;2021-01-19;GA;GAA;Georgia;10617423;1011200;312336;9524;2942;278151;2620;28907;272;NA;NA;NA;10617423;Georgia
1812;2021-01-19;GU;GUA;Guam;165768;34300;3791;20692;2287;3785;2283;0;0;NA;NA;NA;165718;NA
1812;2021-01-19;HI;HIA;Hawaii;1415872;154150;63954;10887;4517;52635;3717;11319;799;NA;NA;NA;1415872;Hawaii
1812;2021-01-19;IA;IAA;Iowa;3155070;269000;144955;8526;4594;130042;4122;12629;400;NA;NA;NA;3155070;Iowa
1812;2021-01-19;ID;IDA;Idaho;1787065;160075;63975;8957;3580;53609;3000;10165;569;NA;NA;NA;1787065;Idaho
1812;2021-01-19;IH2;IH2;Indian Health Svc;0;292700;104140;0;0;90329;0;13348;0;NA;NA;NA;NA;NA
1812;2021-01-19;IL;ILA;Illinois;12671821;1011225;525261;7980;4145;414362;3270;104533;825;NA;NA;NA;12671821;Illinois
1812;2021-01-19;IN;INA;Indiana;6732219;642425;334686;9543;4971;283779;4215;50862;756;NA;NA;NA;6732219;Indiana
1812;2021-01-19;KS;KSA;Kansas;2913314;263175;118434;9034;4065;101824;3495;15602;536;NA;NA;NA;2913314;Kansas
1812;2021-01-19;KY;KYA;Kentucky;4467673;337450;216039;7553;4836;201688;4514;12911;289;NA;NA;NA;4467673;Kentucky
1812;2021-01-19;LA;LAA;Louisiana;4648794;370175;255591;7963;5498;221109;4756;33967;731;NA;NA;NA;4648794;Louisiana
1812;2021-01-19;MA;MAA;Massachusetts;6892503;669325;318877;9711;4626;277612;4028;41053;596;NA;NA;NA;6949503;Massachusetts
1812;2021-01-19;MD;MDA;Maryland;6045680;565125;247597;9348;4095;225456;3729;21794;360;NA;NA;NA;6045680;Maryland
1812;2021-01-19;ME;MEA;Maine;1344212;136875;73978;10183;5503;62716;4666;10018;745;NA;NA;NA;1344212;Maine
1812;2021-01-19;MH;MHA;Marshall Islands;58413;13600;1282;23282;2195;1250;2140;2;3;NA;NA;NA;NA;NA
1812;2021-01-19;MI;MIA;Michigan;9986857;773750;483592;7748;4842;417228;4178;62780;629;NA;NA;NA;9986857;Michigan
1812;2021-01-19;MN;MNA;Minnesota;5639632;519600;251535;9213;4460;209118;3708;42116;747;NA;NA;NA;5639632;Minnesota
1812;2021-01-19;MO;MOA;Missouri;6137428;528800;236254;8616;3849;189793;3092;45368;739;NA;NA;NA;1068778;Missouri
1812;2021-01-19;MP;MPA;Northern Mariana Islands;56882;18650;6372;32787;11202;4453;7828;1916;3368;NA;NA;NA;55194;NA
1812;2021-01-19;MS;MSA;Mississippi;2976149;233550;113572;7847;3816;103946;3493;9545;321;NA;NA;NA;2976149;Mississippi
1812;2021-01-19;MT;MTA;Montana;1068778;98500;55893;9216;5230;47209;4417;8671;811;NA;NA;NA;1068778;Montana
1812;2021-01-19;NC;NCA;North Carolina;10488084;999650;400779;9531;3821;346533;3304;54012;515;NA;NA;NA;10488084;North Carolina
1812;2021-01-19;ND;NDA;North Dakota;762062;68675;56608;9012;7428;47616;6248;8641;1134;NA;NA;NA;762062;North Dakota
1812;2021-01-19;NE;NEA;Nebraska;1934408;211500;103689;10934;5360;89054;4604;13860;716;NA;NA;NA;1934408;Nebraska
1812;2021-01-19;NH;NHA;New Hampshire;1359711;127225;71556;9357;5263;64402;4736;7120;524;NA;NA;NA;1359711;New Hampshire
1812;2021-01-19;NJ;NJA;New Jersey;8882190;658800;400148;7417;4505;354653;3993;43879;494;NA;NA;NA;8882190;New Jersey
1812;2021-01-19;NM;NMA;New Mexico;2096829;204750;138150;9765;6589;112450;5363;23236;1108;NA;NA;NA;2096829;New Mexico
1812;2021-01-19;NV;NVA;Nevada;3080156;211750;102840;6875;3339;85391;2772;16665;541;NA;NA;NA;3080156;Nevada
1812;2021-01-19;NY;NYA;New York State;19453561;1884325;1000319;9686;5142;884908;4549;102187;525;NA;NA;NA;19453561;New York
1812;2021-01-19;OH;OHA;Ohio;11689100;968250;472084;8283;4039;444812;3805;27139;232;NA;NA;NA;11689100;Ohio
1812;2021-01-19;OK;OKA;Oklahoma;3956971;424000;242093;10715;6118;209687;5299;30919;781;NA;NA;NA;3956971;Oklahoma
1812;2021-01-19;OR;ORA;Oregon;4217737;335075;216928;7944;5143;192550;4565;23866;566;NA;NA;NA;4217737;Oregon
1812;2021-01-19;PA;PAA;Pennsylvania;12801989;1075350;544416;8400;4253;464339;3627;79526;621;NA;NA;NA;12801989;Pennsylvania
1812;2021-01-19;PR;PRA;Puerto Rico;3193694;311325;129530;9748;4056;107661;3371;21368;669;NA;NA;NA;3193694;Puerto Rico
1812;2021-01-19;RI;RIA;Rhode Island;1059361;108425;54081;10235;5105;44164;4169;9902;935;NA;NA;NA;1059361;Rhode Island
1812;2021-01-19;RP;RPA;Republic of Palau;17907;6000;1914;33506;10689;1913;10683;1;6;NA;NA;NA;NA;NA
1812;2021-01-19;SC;SCA;South Carolina;5148714;350550;187175;6808;3635;155548;3021;30243;587;NA;NA;NA;5148714;South Carolina
1812;2021-01-19;SD;SDA;South Dakota;884659;93675;61113;10589;6908;51288;5797;9777;1105;NA;NA;NA;884659;South Dakota
1812;2021-01-19;TN;TNA;Tennessee;6829174;657550;351813;9629;5152;302260;4426;48867;716;NA;NA;NA;6833174;Tennessee
1812;2021-01-19;TX;TXA;Texas;28995881;2105600;1403989;7262;4842;1222952;4218;179801;620;NA;NA;NA;28995881;Texas
1812;2021-01-19;UT;UTA;Utah;3205958;268175;163205;8365;5091;144056;4493;15367;479;NA;NA;NA;3205958;Utah
1812;2021-01-19;VA;VAA;Virginia;8535519;852725;326894;9990;3830;290146;3399;35239;413;NA;NA;NA;8535519;Virginia
1812;2021-01-19;VA2;VA2;Veterans Health;0;994425;416209;0;0;372382;0;43469;0;NA;NA;NA;NA;NA
1812;2021-01-19;VI;VIA;Virgin Islands;104680;11825;2135;11296;2040;1970;1882;165;158;NA;NA;NA;104914;NA
1812;2021-01-19;VT;VTA;Vermont;623989;74000;40581;11859;6503;34427;5517;6114;980;NA;NA;NA;623989;Vermont
1812;2021-01-19;WA;WAA;Washington;7614893;696175;321200;9142;4218;265507;3487;45237;594;NA;NA;NA;7614893;Washington
1812;2021-01-19;WI;WIA;Wisconsin;5822434;437900;213498;7521;3667;188144;3231;23641;406;NA;NA;NA;5822434;Wisconsin
1812;2021-01-19;WV;WVA;West Virginia;1792147;205475;152657;11465;8518;128923;7194;23723;1324;NA;NA;NA;1792147;West Virginia
1812;2021-01-19;WY;WYA;Wyoming;578759;58775;28057;10155;4848;24788;4283;3242;560;NA;NA;NA;578759;Wyoming
1812;2021-01-19;US;USA;United States;331996199;31161075;15707588;NA;NA;13595803;NA;2023124;NA;6828561;8874811;4216;NA;NA
1812;2021-01-19;LTC;LTC;Long Term Care;NA;NA;1745441;NA;NA;NA;NA;NA;NA;NA;NA;NA;NA;NA
1815;2021-01-20;AK;AKA;Alaska;731545;150350;68293;20552;9335;56911;7780;11283;1542;NA;NA;NA;731545;Alaska
1815;2021-01-20;AL;ALA;Alabama;4903185;483275;139200;9856;2839;121113;2470;17956;366;NA;NA;NA;4903185;Alabama
1815;2021-01-20;AR;ARA;Arkansas;3017804;334825;173312;11095;5743;144792;4798;26541;879;NA;NA;NA;3017825;Arkansas
1815;2021-01-20;AS;ASA;American Samoa;55689;18450;5313;33130;9540;4476;8037;836;1501;NA;NA;NA;55641;NA
1815;2021-01-20;AZ;AZA;Arizona;7278717;752250;281887;10335;3873;246960;3393;34788;478;NA;NA;NA;7278717;Arizona
1815;2021-01-20;BP2;BP2;Bureau of Prisons;0;24750;19076;0;0;15949;0;3092;0;NA;NA;NA;NA;NA
1815;2021-01-20;CA;CAA;California;39512223;4169450;1532329;10552;3878;1255311;3177;273276;692;NA;NA;NA;39512223;California
1815;2021-01-20;CO;COA;Colorado;5758736;631400;340438;10964;5912;287174;4987;51460;894;NA;NA;NA;5758736;Colorado
1815;2021-01-20;CT;CTA;Connecticut;3565287;430375;243140;12071;6820;213145;5978;25018;702;NA;NA;NA;3565287;Connecticut
1815;2021-01-20;DC;DCA;District of Columbia;705749;75175;51733;10652;7330;41135;5829;10553;1495;NA;NA;NA;705749;District of Columbia
1815;2021-01-20;DD2;DD2;Dept of Defense;0;499400;256867;0;0;229553;0;22157;0;NA;NA;NA;NA;NA
1815;2021-01-20;DE;DEA;Delaware;973764;100375;45640;10308;4687;38610;3965;6919;711;NA;NA;NA;973764;Delaware
1815;2021-01-20;FL;FLA;Florida;21477737;2545050;1239975;11850;5773;1125338;5240;111763;520;NA;NA;NA;21477737;Florida
1815;2021-01-20;FM;FMA;Federated States of Micronesia;103643;9800;1756;9456;1694;1753;1691;3;3;NA;NA;NA;NA;NA
1815;2021-01-20;GA;GAA;Georgia;10617423;1077375;397048;10147;3740;356010;3353;35029;330;NA;NA;NA;10617423;Georgia
1815;2021-01-20;GU;GUA;Guam;165768;34300;3791;20692;2287;3785;2283;0;0;NA;NA;NA;165718;NA
1815;2021-01-20;HI;HIA;Hawaii;1415872;154150;71944;10887;5081;58111;4104;13833;977;NA;NA;NA;1415872;Hawaii
1815;2021-01-20;IA;IAA;Iowa;3155070;291075;149850;9226;4749;133528;4232;13995;444;NA;NA;NA;3155070;Iowa
1815;2021-01-20;ID;IDA;Idaho;1787065;166850;69267;9337;3876;58328;3264;10738;601;NA;NA;NA;1787065;Idaho
1815;2021-01-20;IH2;IH2;Indian Health Svc;0;315325;108975;0;0;93635;0;14874;0;NA;NA;NA;NA;NA
1815;2021-01-20;IL;ILA;Illinois;12671821;1094000;539926;8633;4261;425824;3360;107651;850;NA;NA;NA;12671821;Illinois
1815;2021-01-20;IN;INA;Indiana;6732219;741025;356385;11007;5294;297720;4422;58616;871;NA;NA;NA;6732219;Indiana
1815;2021-01-20;KS;KSA;Kansas;2913314;265600;122705;9117;4212;105679;3627;16013;550;NA;NA;NA;2913314;Kansas
1815;2021-01-20;KY;KYA;Kentucky;4467673;444325;223946;9945;5013;208664;4671;13829;310;NA;NA;NA;4467673;Kentucky
1815;2021-01-20;LA;LAA;Louisiana;4648794;485625;264400;10446;5687;228831;4922;35049;754;NA;NA;NA;4648794;Louisiana
1815;2021-01-20;MA;MAA;Massachusetts;6892503;737550;330490;10701;4795;288209;4181;42062;610;NA;NA;NA;6949503;Massachusetts
1815;2021-01-20;MD;MDA;Maryland;6045680;628800;258146;10401;4270;233443;3861;24355;403;NA;NA;NA;6045680;Maryland
1815;2021-01-20;ME;MEA;Maine;1344212;155800;76167;11590;5666;64260;4780;10661;793;NA;NA;NA;1344212;Maine
1815;2021-01-20;MH;MHA;Marshall Islands;58413;13600;1514;23282;2592;1482;2537;2;3;NA;NA;NA;NA;NA
1815;2021-01-20;MI;MIA;Michigan;9986857;1031100;508607;10325;5093;434402;4350;70535;706;NA;NA;NA;9986857;Michigan
1815;2021-01-20;MN;MNA;Minnesota;5639632;595775;252548;10564;4478;209862;3721;42384;752;NA;NA;NA;5639632;Minnesota
1815;2021-01-20;MO;MOA;Missouri;6137428;572125;244476;9322;3983;193867;3159;49330;804;NA;NA;NA;1068778;Missouri
1815;2021-01-20;MP;MPA;Northern Mariana Islands;56882;18650;6791;32787;11939;4569;8032;2219;3901;NA;NA;NA;55194;NA
1815;2021-01-20;MS;MSA;Mississippi;2976149;307950;122586;10347;4119;112525;3781;9979;335;NA;NA;NA;2976149;Mississippi
1815;2021-01-20;MT;MTA;Montana;1068778;111625;57220;10444;5354;48086;4499;9121;853;NA;NA;NA;1068778;Montana
1815;2021-01-20;NC;NCA;North Carolina;10488084;1118250;427480;10662;4076;368818;3517;58407;557;NA;NA;NA;10488084;North Carolina
1815;2021-01-20;ND;NDA;North Dakota;762062;78150;57657;10255;7566;48350;6345;8954;1175;NA;NA;NA;762062;North Dakota
1815;2021-01-20;NE;NEA;Nebraska;1934408;237500;106283;12278;5494;91040;4706;14463;748;NA;NA;NA;1934408;Nebraska
1815;2021-01-20;NH;NHA;New Hampshire;1359711;145400;75418;10693;5547;67366;4954;8013;589;NA;NA;NA;1359711;New Hampshire
1815;2021-01-20;NJ;NJA;New Jersey;8882190;898550;432220;10116;4866;381159;4291;49420;556;NA;NA;NA;8882190;New Jersey
1815;2021-01-20;NM;NMA;New Mexico;2096829;225850;143302;10771;6834;116128;5538;24706;1178;NA;NA;NA;2096829;New Mexico
1815;2021-01-20;NV;NVA;Nevada;3080156;276775;107133;8986;3478;89110;2893;17209;559;NA;NA;NA;3080156;Nevada
1815;2021-01-20;NY;NYA;New York State;19453561;2057875;1046490;10578;5379;926339;4762;106821;549;NA;NA;NA;19453561;New York
1815;2021-01-20;OH;OHA;Ohio;11689100;1119175;487481;9575;4170;456424;3905;30910;264;NA;NA;NA;11689100;Ohio
1815;2021-01-20;OK;OKA;Oklahoma;3956971;455275;251684;11506;6361;217690;5501;32308;816;NA;NA;NA;3956971;Oklahoma
1815;2021-01-20;OR;ORA;Oregon;4217737;431450;216928;10229;5143;192550;4565;23866;566;NA;NA;NA;4217737;Oregon
1815;2021-01-20;PA;PAA;Pennsylvania;12801989;1223250;568660;9555;4442;482791;3771;85290;666;NA;NA;NA;12801989;Pennsylvania
1815;2021-01-20;PR;PRA;Puerto Rico;3193694;312450;136630;9783;4278;112524;3523;23428;734;NA;NA;NA;3193694;Puerto Rico
1815;2021-01-20;RI;RIA;Rhode Island;1059361;122575;56617;11571;5344;45904;4333;10696;1010;NA;NA;NA;1059361;Rhode Island
1815;2021-01-20;RP;RPA;Republic of Palau;17907;6000;1981;33506;11063;1980;11057;1;6;NA;NA;NA;NA;NA
1815;2021-01-20;SC;SCA;South Carolina;5148714;437675;192608;8501;3741;160518;3118;30679;596;NA;NA;NA;5148714;South Carolina
1815;2021-01-20;SD;SDA;South Dakota;884659;95825;62518;10832;7067;52548;5940;9922;1122;NA;NA;NA;884659;South Dakota
1815;2021-01-20;TN;TNA;Tennessee;6829174;672825;358534;9852;5250;305780;4478;52051;762;NA;NA;NA;6833174;Tennessee
1815;2021-01-20;TX;TXA;Texas;28995881;2551125;1471746;8798;5076;1282998;4425;187503;647;NA;NA;NA;28995881;Texas
1815;2021-01-20;UT;UTA;Utah;3205958;319700;181792;9972;5670;159814;4985;16272;508;NA;NA;NA;3205958;Utah
1815;2021-01-20;VA;VAA;Virginia;8535519;962900;343366;11281;4023;304160;3563;37679;441;NA;NA;NA;8535519;Virginia
1815;2021-01-20;VA2;VA2;Veterans Health;0;1048050;432569;0;0;387870;0;44329;0;NA;NA;NA;NA;NA
1815;2021-01-20;VI;VIA;Virgin Islands;104680;12325;2418;11774;2310;2178;2081;240;229;NA;NA;NA;104914;NA
1815;2021-01-20;VT;VTA;Vermont;623989;75950;40814;12172;6541;34607;5546;6167;988;NA;NA;NA;623989;Vermont
1815;2021-01-20;WA;WAA;Washington;7614893;805000;346765;10571;4554;286500;3762;49731;653;NA;NA;NA;7614893;Washington
1815;2021-01-20;WI;WIA;Wisconsin;5822434;538325;222492;9246;3821;193461;3323;27312;469;NA;NA;NA;5822434;Wisconsin
1815;2021-01-20;WV;WVA;West Virginia;1792147;231800;158621;12934;8851;132929;7417;25681;1433;NA;NA;NA;1792147;West Virginia
1815;2021-01-20;WY;WYA;Wyoming;578759;62575;29309;10812;5064;25841;4465;3441;595;NA;NA;NA;578759;Wyoming
1815;2021-01-20;US;USA;United States;331996199;35990150;16525281;NA;NA;14270441;NA;2161419;NA;7239750;9281063;4468;NA;NA
1815;2021-01-20;LTC;LTC;Long Term Care;NA;NA;1908256;NA;NA;NA;NA;NA;NA;NA;NA;NA;NA;NA
1819;2021-01-21;AK;AKA;Alaska;731545;154325;71907;21096;9829;59449;8126;12352;1688;NA;NA;NA;731545;Alaska
1819;2021-01-21;AL;ALA;Alabama;4903185;493125;165919;10057;3384;144429;2946;21345;435;NA;NA;NA;4903185;Alabama
1819;2021-01-21;AR;ARA;Arkansas;3017804;361550;173312;11981;5743;144792;4798;26541;879;NA;NA;NA;3017825;Arkansas
1819;2021-01-21;AS;ASA;American Samoa;55689;18450;5664;33130;10171;4734;8501;929;1668;NA;NA;NA;55641;NA
1819;2021-01-21;AZ;AZA;Arizona;7278717;797550;303899;10957;4175;262120;3601;41613;572;NA;NA;NA;7278717;Arizona
1819;2021-01-21;BP2;BP2;Bureau of Prisons;0;24750;20838;0;0;17003;0;3800;0;NA;NA;NA;NA;NA
1819;2021-01-21;CA;CAA;California;39512223;4379500;1633875;11084;4135;1335886;3381;293834;744;NA;NA;NA;39512223;California
1819;2021-01-21;CO;COA;Colorado;5758736;657250;353194;11413;6133;296816;5154;54474;946;NA;NA;NA;5758736;Colorado
1819;2021-01-21;CT;CTA;Connecticut;3565287;435075;264707;12203;7425;230913;6477;28602;802;NA;NA;NA;3565287;Connecticut
1819;2021-01-21;DC;DCA;District of Columbia;705749;75175;55108;10652;7808;43377;6146;11685;1656;NA;NA;NA;705749;District of Columbia
1819;2021-01-21;DD2;DD2;Dept of Defense;0;574900;274473;0;0;243577;0;25429;0;NA;NA;NA;NA;NA
1819;2021-01-21;DE;DEA;Delaware;973764;106600;49369;10947;5070;41900;4303;7355;755;NA;NA;NA;973764;Delaware
1819;2021-01-21;FL;FLA;Florida;21477737;2546050;1239975;11854;5773;1125338;5240;111763;520;NA;NA;NA;21477737;Florida
1819;2021-01-21;FM;FMA;Federated States of Micronesia;103643;9800;2087;9456;2014;2084;2011;3;3;NA;NA;NA;NA;NA
1819;2021-01-21;GA;GAA;Georgia;10617423;1162275;453862;10947;4275;407000;3833;39972;376;NA;NA;NA;10617423;Georgia
1819;2021-01-21;GU;GUA;Guam;165768;34300;3791;20692;2287;3785;2283;0;0;NA;NA;NA;165718;NA
1819;2021-01-21;HI;HIA;Hawaii;1415872;189675;79414;13396;5609;63282;4469;16132;1139;NA;NA;NA;1415872;Hawaii
1819;2021-01-21;IA;IAA;Iowa;3155070;328600;158743;10415;5031;139500;4421;16860;534;NA;NA;NA;3155070;Iowa
1819;2021-01-21;ID;IDA;Idaho;1787065;178175;73372;9970;4106;61118;3420;11760;658;NA;NA;NA;1787065;Idaho
1819;2021-01-21;IH2;IH2;Indian Health Svc;0;323600;117297;0;0;99004;0;17778;0;NA;NA;NA;NA;NA
1819;2021-01-21;IL;ILA;Illinois;12671821;1173325;570527;9259;4502;452010;3567;111933;883;NA;NA;NA;12671821;Illinois
1819;2021-01-21;IN;INA;Indiana;6732219;816025;387137;12121;5751;320266;4757;66801;992;NA;NA;NA;6732219;Indiana
1819;2021-01-21;KS;KSA;Kansas;2913314;312000;130434;10709;4477;111907;3841;17430;598;NA;NA;NA;2913314;Kansas
1819;2021-01-21;KY;KYA;Kentucky;4467673;450175;235143;10076;5263;217837;4876;15699;351;NA;NA;NA;4467673;Kentucky
1819;2021-01-21;LA;LAA;Louisiana;4648794;492800;279398;10601;6010;240762;5179;38095;819;NA;NA;NA;4648794;Louisiana
1819;2021-01-21;MA;MAA;Massachusetts;6892503;776400;353117;11264;5123;306646;4449;46247;671;NA;NA;NA;6949503;Massachusetts
1819;2021-01-21;MD;MDA;Maryland;6045680;685325;271905;11336;4498;243450;4027;28106;465;NA;NA;NA;6045680;Maryland
1819;2021-01-21;ME;MEA;Maine;1344212;165175;80502;12288;5989;67133;4994;12071;898;NA;NA;NA;1344212;Maine
1819;2021-01-21;MH;MHA;Marshall Islands;58413;13600;1991;23282;3408;1959;3354;2;3;NA;NA;NA;NA;NA
1819;2021-01-21;MI;MIA;Michigan;9986857;1059275;548844;10607;5496;463917;4645;81014;811;NA;NA;NA;9986857;Michigan
1819;2021-01-21;MN;MNA;Minnesota;5639632;652350;259417;11567;4600;213102;3779;46008;816;NA;NA;NA;5639632;Minnesota
1819;2021-01-21;MO;MOA;Missouri;6137428;621200;265382;10122;4324;205217;3344;58782;958;NA;NA;NA;1068778;Missouri
1819;2021-01-21;MP;MPA;Northern Mariana Islands;56882;18650;7309;32787;12849;4606;8097;2700;4747;NA;NA;NA;55194;NA
1819;2021-01-21;MS;MSA;Mississippi;2976149;334800;136691;11249;4593;124931;4198;11567;389;NA;NA;NA;2976149;Mississippi
1819;2021-01-21;MT;MTA;Montana;1068778;112125;60389;10491;5650;50413;4717;9962;932;NA;NA;NA;1068778;Montana
1819;2021-01-21;NC;NCA;North Carolina;10488084;1157100;473282;11033;4513;406257;3874;66736;636;NA;NA;NA;10488084;North Carolina
1819;2021-01-21;ND;NDA;North Dakota;762062;82850;59245;10872;7774;48986;6428;9881;1297;NA;NA;NA;762062;North Dakota
1819;2021-01-21;NE;NEA;Nebraska;1934408;238000;111841;12304;5782;94850;4903;16206;838;NA;NA;NA;1934408;Nebraska
1819;2021-01-21;NH;NHA;New Hampshire;1359711;155150;80639;11411;5931;70281;5169;10319;759;NA;NA;NA;1359711;New Hampshire
1819;2021-01-21;NJ;NJA;New Jersey;8882190;923300;432220;10395;4866;381159;4291;49420;556;NA;NA;NA;8882190;New Jersey
1819;2021-01-21;NM;NMA;New Mexico;2096829;237725;152465;11337;7271;122956;5864;27014;1288;NA;NA;NA;2096829;New Mexico
1819;2021-01-21;NV;NVA;Nevada;3080156;278175;115991;9031;3766;95837;3111;19296;626;NA;NA;NA;3080156;Nevada
1819;2021-01-21;NY;NYA;New York State;19453561;2213975;1116441;11381;5739;982183;5049;120801;621;NA;NA;NA;19453561;New York
1819;2021-01-21;OH;OHA;Ohio;11689100;1122300;487481;9601;4170;456424;3905;30910;264;NA;NA;NA;11689100;Ohio
1819;2021-01-21;OK;OKA;Oklahoma;3956971;490500;267434;12396;6759;230902;5835;34706;877;NA;NA;NA;3956971;Oklahoma
1819;2021-01-21;OR;ORA;Oregon;4217737;479325;216928;11365;5143;192550;4565;23866;566;NA;NA;NA;4217737;Oregon
1819;2021-01-21;PA;PAA;Pennsylvania;12801989;1344375;605428;10501;4729;508391;3971;96395;753;NA;NA;NA;12801989;Pennsylvania
1819;2021-01-21;PR;PRA;Puerto Rico;3193694;327950;147795;10269;4628;120250;3765;26627;834;NA;NA;NA;3193694;Puerto Rico
1819;2021-01-21;RI;RIA;Rhode Island;1059361;127450;59014;12031;5571;47859;4518;11136;1051;NA;NA;NA;1059361;Rhode Island
1819;2021-01-21;RP;RPA;Republic of Palau;17907;6000;2405;33506;13431;2403;13419;2;11;NA;NA;NA;NA;NA
1819;2021-01-21;SC;SCA;South Carolina;5148714;443375;209631;8611;4072;173906;3378;34277;666;NA;NA;NA;5148714;South Carolina
1819;2021-01-21;SD;SDA;South Dakota;884659;99300;65377;11225;7390;54531;6164;10796;1220;NA;NA;NA;884659;South Dakota
1819;2021-01-21;TN;TNA;Tennessee;6829174;723825;375669;10599;5501;313154;4586;61743;904;NA;NA;NA;6833174;Tennessee
1819;2021-01-21;TX;TXA;Texas;28995881;2754800;1544551;9501;5327;1337706;4613;205538;709;NA;NA;NA;28995881;Texas
1819;2021-01-21;UT;UTA;Utah;3205958;337825;189578;10537;5913;166334;5188;17275;539;NA;NA;NA;3205958;Utah
1819;2021-01-21;VA;VAA;Virginia;8535519;992375;362092;11626;4242;320175;3751;40340;473;NA;NA;NA;8535519;Virginia
1819;2021-01-21;VA2;VA2;Veterans Health;0;1100725;527258;0;0;463738;0;62996;0;NA;NA;NA;NA;NA
1819;2021-01-21;VI;VIA;Virgin Islands;104680;13325;2744;12729;2621;2450;2340;294;281;NA;NA;NA;104914;NA
1819;2021-01-21;VT;VTA;Vermont;623989;78875;42835;12640;6865;36233;5807;6545;1049;NA;NA;NA;623989;Vermont
1819;2021-01-21;WA;WAA;Washington;7614893;820875;373423;10780;4904;306942;4031;55902;734;NA;NA;NA;7614893;Washington
1819;2021-01-21;WI;WIA;Wisconsin;5822434;577325;238758;9916;4101;204746;3517;32268;554;NA;NA;NA;5822434;Wisconsin
1819;2021-01-21;WV;WVA;West Virginia;1792147;231800;167548;12934;9349;135950;7586;31587;1763;NA;NA;NA;1792147;West Virginia
1819;2021-01-21;WY;WYA;Wyoming;578759;67450;29309;11654;5064;25841;4465;3441;595;NA;NA;NA;578759;Wyoming
1819;2021-01-21;US;USA;United States;331996199;37960000;17546374;NA;NA;15053257;NA;2394961;NA;7724683;9817027;4664;NA;NA
1819;2021-01-21;LTC;LTC;Long Term Care;NA;NA;2089181;NA;NA;NA;NA;NA;NA;NA;NA;NA;NA;NA
1821;2021-01-21;AK;AKA;Alaska;731545;154325;71907;21096;9829;59449;8126;12352;1688;NA;NA;NA;731545;Alaska
1821;2021-01-21;AL;ALA;Alabama;4903185;493125;165919;10057;3384;144429;2946;21345;435;NA;NA;NA;4903185;Alabama
1821;2021-01-21;AR;ARA;Arkansas;3017804;361550;173312;11981;5743;144792;4798;26541;879;NA;NA;NA;3017825;Arkansas
1821;2021-01-21;AS;ASA;American Samoa;55689;18450;5664;33130;10171;4734;8501;929;1668;NA;NA;NA;55641;NA
1821;2021-01-21;AZ;AZA;Arizona;7278717;797550;303899;10957;4175;262120;3601;41613;572;NA;NA;NA;7278717;Arizona
1821;2021-01-21;BP2;BP2;Bureau of Prisons;0;24750;20838;0;0;17003;0;3800;0;NA;NA;NA;NA;NA
1821;2021-01-21;CA;CAA;California;39512223;4379500;1633875;11084;4135;1335886;3381;293834;744;NA;NA;NA;39512223;California
1821;2021-01-21;CO;COA;Colorado;5758736;657250;353194;11413;6133;296816;5154;54474;946;NA;NA;NA;5758736;Colorado
1821;2021-01-21;CT;CTA;Connecticut;3565287;435075;264707;12203;7425;230913;6477;28602;802;NA;NA;NA;3565287;Connecticut
1821;2021-01-21;DC;DCA;District of Columbia;705749;75175;55108;10652;7808;43377;6146;11685;1656;NA;NA;NA;705749;District of Columbia
1821;2021-01-21;DD2;DD2;Dept of Defense;0;574900;274473;0;0;243577;0;25429;0;NA;NA;NA;NA;NA
1821;2021-01-21;DE;DEA;Delaware;973764;106600;49369;10947;5070;41900;4303;7355;755;NA;NA;NA;973764;Delaware
1821;2021-01-21;FL;FLA;Florida;21477737;2546050;1239975;11854;5773;1125338;5240;111763;520;NA;NA;NA;21477737;Florida
1821;2021-01-21;FM;FMA;Federated States of Micronesia;103643;9800;2087;9456;2014;2084;2011;3;3;NA;NA;NA;NA;NA
1821;2021-01-21;GA;GAA;Georgia;10617423;1162275;453862;10947;4275;407000;3833;39972;376;NA;NA;NA;10617423;Georgia
1821;2021-01-21;GU;GUA;Guam;165768;34300;3791;20692;2287;3785;2283;0;0;NA;NA;NA;165718;NA
1821;2021-01-21;HI;HIA;Hawaii;1415872;189675;79414;13396;5609;63282;4469;16132;1139;NA;NA;NA;1415872;Hawaii
1821;2021-01-21;IA;IAA;Iowa;3155070;328600;158743;10415;5031;139500;4421;16860;534;NA;NA;NA;3155070;Iowa
1821;2021-01-21;ID;IDA;Idaho;1787065;178175;73372;9970;4106;61118;3420;11760;658;NA;NA;NA;1787065;Idaho
1821;2021-01-21;IH2;IH2;Indian Health Svc;0;323600;117297;0;0;99004;0;17778;0;NA;NA;NA;NA;NA
1821;2021-01-21;IL;ILA;Illinois;12671821;1173325;570527;9259;4502;452010;3567;111933;883;NA;NA;NA;12671821;Illinois
1821;2021-01-21;IN;INA;Indiana;6732219;816025;387137;12121;5751;320266;4757;66801;992;NA;NA;NA;6732219;Indiana
1821;2021-01-21;KS;KSA;Kansas;2913314;312000;130434;10709;4477;111907;3841;17430;598;NA;NA;NA;2913314;Kansas
1821;2021-01-21;KY;KYA;Kentucky;4467673;450175;235143;10076;5263;217837;4876;15699;351;NA;NA;NA;4467673;Kentucky
1821;2021-01-21;LA;LAA;Louisiana;4648794;492800;279398;10601;6010;240762;5179;38095;819;NA;NA;NA;4648794;Louisiana
1821;2021-01-21;MA;MAA;Massachusetts;6892503;776400;353117;11264;5123;306646;4449;46247;671;NA;NA;NA;6949503;Massachusetts
1821;2021-01-21;MD;MDA;Maryland;6045680;685325;271905;11336;4498;243450;4027;28106;465;NA;NA;NA;6045680;Maryland
1821;2021-01-21;ME;MEA;Maine;1344212;165175;80502;12288;5989;67133;4994;12071;898;NA;NA;NA;1344212;Maine
1821;2021-01-21;MH;MHA;Marshall Islands;58413;13600;1991;23282;3408;1959;3354;2;3;NA;NA;NA;NA;NA
1821;2021-01-21;MI;MIA;Michigan;9986857;1059275;548844;10607;5496;463917;4645;81014;811;NA;NA;NA;9986857;Michigan
1821;2021-01-21;MN;MNA;Minnesota;5639632;652350;259417;11567;4600;213102;3779;46008;816;NA;NA;NA;5639632;Minnesota
1821;2021-01-21;MO;MOA;Missouri;6137428;621200;265382;10122;4324;205217;3344;58782;958;NA;NA;NA;1068778;Missouri
1821;2021-01-21;MP;MPA;Northern Mariana Islands;56882;18650;7309;32787;12849;4606;8097;2700;4747;NA;NA;NA;55194;NA
1821;2021-01-21;MS;MSA;Mississippi;2976149;334800;136691;11249;4593;124931;4198;11567;389;NA;NA;NA;2976149;Mississippi
1821;2021-01-21;MT;MTA;Montana;1068778;112125;60389;10491;5650;50413;4717;9962;932;NA;NA;NA;1068778;Montana
1821;2021-01-21;NC;NCA;North Carolina;10488084;1157100;473282;11033;4513;406257;3874;66736;636;NA;NA;NA;10488084;North Carolina
1821;2021-01-21;ND;NDA;North Dakota;762062;82850;59245;10872;7774;48986;6428;9881;1297;NA;NA;NA;762062;North Dakota
1821;2021-01-21;NE;NEA;Nebraska;1934408;238000;111841;12304;5782;94850;4903;16206;838;NA;NA;NA;1934408;Nebraska
1821;2021-01-21;NH;NHA;New Hampshire;1359711;155150;80639;11411;5931;70281;5169;10319;759;NA;NA;NA;1359711;New Hampshire
1821;2021-01-21;NJ;NJA;New Jersey;8882190;923300;432220;10395;4866;381159;4291;49420;556;NA;NA;NA;8882190;New Jersey
1821;2021-01-21;NM;NMA;New Mexico;2096829;237725;152465;11337;7271;122956;5864;27014;1288;NA;NA;NA;2096829;New Mexico
1821;2021-01-21;NV;NVA;Nevada;3080156;278175;115991;9031;3766;95837;3111;19296;626;NA;NA;NA;3080156;Nevada
1821;2021-01-21;NY;NYA;New York State;19453561;2213975;1116441;11381;5739;982183;5049;120801;621;NA;NA;NA;19453561;New York
1821;2021-01-21;OH;OHA;Ohio;11689100;1122300;487481;9601;4170;456424;3905;30910;264;NA;NA;NA;11689100;Ohio
1821;2021-01-21;OK;OKA;Oklahoma;3956971;490500;267434;12396;6759;230902;5835;34706;877;NA;NA;NA;3956971;Oklahoma
1821;2021-01-21;OR;ORA;Oregon;4217737;479325;216928;11365;5143;192550;4565;23866;566;NA;NA;NA;4217737;Oregon
1821;2021-01-21;PA;PAA;Pennsylvania;12801989;1344375;605428;10501;4729;508391;3971;96395;753;NA;NA;NA;12801989;Pennsylvania
1821;2021-01-21;PR;PRA;Puerto Rico;3193694;327950;147795;10269;4628;120250;3765;26627;834;NA;NA;NA;3193694;Puerto Rico
1821;2021-01-21;RI;RIA;Rhode Island;1059361;127450;59014;12031;5571;47859;4518;11136;1051;NA;NA;NA;1059361;Rhode Island
1821;2021-01-21;RP;RPA;Republic of Palau;17907;6000;2405;33506;13431;2403;13419;2;11;NA;NA;NA;NA;NA
1821;2021-01-21;SC;SCA;South Carolina;5148714;443375;209631;8611;4072;173906;3378;34277;666;NA;NA;NA;5148714;South Carolina
1821;2021-01-21;SD;SDA;South Dakota;884659;99300;65377;11225;7390;54531;6164;10796;1220;NA;NA;NA;884659;South Dakota
1821;2021-01-21;TN;TNA;Tennessee;6829174;723825;375669;10599;5501;313154;4586;61743;904;NA;NA;NA;6833174;Tennessee
1821;2021-01-21;TX;TXA;Texas;28995881;2754800;1544551;9501;5327;1337706;4613;205538;709;NA;NA;NA;28995881;Texas
1821;2021-01-21;UT;UTA;Utah;3205958;337825;189578;10537;5913;166334;5188;17275;539;NA;NA;NA;3205958;Utah
1821;2021-01-21;VA;VAA;Virginia;8535519;992375;362092;11626;4242;320175;3751;40340;473;NA;NA;NA;8535519;Virginia
1821;2021-01-21;VA2;VA2;Veterans Health;0;1100725;527258;0;0;463738;0;62996;0;NA;NA;NA;NA;NA
1821;2021-01-21;VI;VIA;Virgin Islands;104680;13325;2744;12729;2621;2450;2340;294;281;NA;NA;NA;104914;NA
1821;2021-01-21;VT;VTA;Vermont;623989;78875;42835;12640;6865;36233;5807;6545;1049;NA;NA;NA;623989;Vermont
1821;2021-01-21;WA;WAA;Washington;7614893;820875;373423;10780;4904;306942;4031;55902;734;NA;NA;NA;7614893;Washington
1821;2021-01-21;WI;WIA;Wisconsin;5822434;577325;238758;9916;4101;204746;3517;32268;554;NA;NA;NA;5822434;Wisconsin
1821;2021-01-21;WV;WVA;West Virginia;1792147;231800;167548;12934;9349;135950;7586;31587;1763;NA;NA;NA;1792147;West Virginia
1821;2021-01-21;WY;WYA;Wyoming;578759;67450;29309;11654;5064;25841;4465;3441;595;NA;NA;NA;578759;Wyoming
1821;2021-01-21;US;USA;United States;331996199;37960000;17546374;NA;NA;15053257;NA;2394961;NA;7724683;9817027;4664;NA;NA
1821;2021-01-21;LTC;LTC;Long Term Care;NA;NA;2089181;NA;NA;NA;NA;NA;NA;NA;NA;NA;NA;NA
1822;2021-01-22;AK;AKA;Alaska;731545;155500;81096;21256;11086;67262;9195;13718;1875;NA;NA;NA;731545;Alaska
1822;2021-01-22;AL;ALA;Alabama;4903185;519525;199314;10596;4065;174317;3555;24840;507;NA;NA;NA;4903185;Alabama
1822;2021-01-22;AR;ARA;Arkansas;3017804;362050;201676;11997;6683;167788;5560;31600;1047;NA;NA;NA;3017825;Arkansas
1822;2021-01-22;AS;ASA;American Samoa;55689;18450;6569;33130;11796;5627;10104;940;1688;NA;NA;NA;55641;NA
1822;2021-01-22;AZ;AZA;Arizona;7278717;822050;329349;11294;4525;280227;3850;48938;672;NA;NA;NA;7278717;Arizona
1822;2021-01-22;BP2;BP2;Bureau of Prisons;0;24750;21315;0;0;17316;0;3962;0;NA;NA;NA;NA;NA
1822;2021-01-22;CA;CAA;California;39512223;4714625;1803679;11932;4565;1477195;3739;321839;815;NA;NA;NA;39512223;California
1822;2021-01-22;CO;COA;Colorado;5758736;671200;377283;11655;6551;313217;5439;62086;1078;NA;NA;NA;5758736;Colorado
1822;2021-01-22;CT;CTA;Connecticut;3565287;477250;287440;13386;8062;248753;6977;33149;930;NA;NA;NA;3565287;Connecticut
1822;2021-01-22;DC;DCA;District of Columbia;705749;90225;56864;12784;8057;44773;6344;12045;1707;NA;NA;NA;705749;District of Columbia
1822;2021-01-22;DD2;DD2;Dept of Defense;0;614200;292490;0;0;258285;0;28602;0;NA;NA;NA;NA;NA
1822;2021-01-22;DE;DEA;Delaware;973764;116325;54257;11946;5572;45292;4651;8847;909;NA;NA;NA;973764;Delaware
1822;2021-01-22;FL;FLA;Florida;21477737;2616250;1314377;12181;6120;1186719;5525;124582;580;NA;NA;NA;21477737;Florida
1822;2021-01-22;FM;FMA;Federated States of Micronesia;103643;9800;2514;9456;2426;2511;2423;3;3;NA;NA;NA;NA;NA
1822;2021-01-22;GA;GAA;Georgia;10617423;1235375;603486;11635;5684;533665;5026;59925;564;NA;NA;NA;10617423;Georgia
1822;2021-01-22;GU;GUA;Guam;165768;34300;3791;20692;2287;3785;2283;0;0;NA;NA;NA;165718;NA
1822;2021-01-22;HI;HIA;Hawaii;1415872;191375;84793;13516;5989;67991;4802;16802;1187;NA;NA;NA;1415872;Hawaii
1822;2021-01-22;IA;IAA;Iowa;3155070;338950;170607;10743;5407;145642;4616;22429;711;NA;NA;NA;3155070;Iowa
1822;2021-01-22;ID;IDA;Idaho;1787065;181100;77988;10134;4364;64295;3598;13075;732;NA;NA;NA;1787065;Idaho
1822;2021-01-22;IH2;IH2;Indian Health Svc;0;355475;123534;0;0;103912;0;18985;0;NA;NA;NA;NA;NA
1822;2021-01-22;IL;ILA;Illinois;12671821;1209300;607502;9543;4794;479848;3787;120754;953;NA;NA;NA;12671821;Illinois
1822;2021-01-22;IN;INA;Indiana;6732219;839925;414127;12476;6151;340055;5051;73986;1099;NA;NA;NA;6732219;Indiana
1822;2021-01-22;KS;KSA;Kansas;2913314;336475;137094;11550;4706;116569;4001;19325;663;NA;NA;NA;2913314;Kansas
1822;2021-01-22;KY;KYA;Kentucky;4467673;466700;254144;10446;5689;229873;5145;22568;505;NA;NA;NA;4467673;Kentucky
1822;2021-01-22;LA;LAA;Louisiana;4648794;506200;297655;10889;6403;256670;5521;40385;869;NA;NA;NA;4648794;Louisiana
1822;2021-01-22;MA;MAA;Massachusetts;6892503;854950;370627;12404;5377;318630;4623;51662;750;NA;NA;NA;6949503;Massachusetts
1822;2021-01-22;MD;MDA;Maryland;6045680;722625;287512;11953;4756;256221;4238;30877;511;NA;NA;NA;6045680;Maryland
1822;2021-01-22;ME;MEA;Maine;1344212;176400;86395;13123;6427;70193;5222;14893;1108;NA;NA;NA;1344212;Maine
1822;2021-01-22;MH;MHA;Marshall Islands;58413;13600;2438;23282;4174;2406;4119;2;3;NA;NA;NA;NA;NA
1822;2021-01-22;MI;MIA;Michigan;9986857;1094275;595454;10957;5962;497958;4986;92473;926;NA;NA;NA;9986857;Michigan
1822;2021-01-22;MN;MNA;Minnesota;5639632;677100;278234;12006;4934;223957;3971;53940;956;NA;NA;NA;5639632;Minnesota
1822;2021-01-22;MO;MOA;Missouri;6137428;657700;285697;10716;4655;217597;3545;66699;1087;NA;NA;NA;1068778;Missouri
1822;2021-01-22;MP;MPA;Northern Mariana Islands;56882;18650;7720;32787;13572;4700;8263;3016;5302;NA;NA;NA;55194;NA
1822;2021-01-22;MS;MSA;Mississippi;2976149;346400;150524;11639;5058;136902;4600;13423;451;NA;NA;NA;2976149;Mississippi
1822;2021-01-22;MT;MTA;Montana;1068778;119500;66348;11181;6208;54453;5095;11878;1111;NA;NA;NA;1068778;Montana
1822;2021-01-22;NC;NCA;North Carolina;10488084;1192375;524914;11369;5005;450144;4292;74427;710;NA;NA;NA;10488084;North Carolina
1822;2021-01-22;ND;NDA;North Dakota;762062;86750;64105;11384;8412;51018;6695;12428;1631;NA;NA;NA;762062;North Dakota
1822;2021-01-22;NE;NEA;Nebraska;1934408;238100;118450;12309;6123;99571;5147;18086;935;NA;NA;NA;1934408;Nebraska
1822;2021-01-22;NH;NHA;New Hampshire;1359711;162950;85595;11984;6295;72979;5367;12575;925;NA;NA;NA;1359711;New Hampshire
1822;2021-01-22;NJ;NJA;New Jersey;8882190;951875;464363;10717;5228;406494;4577;56213;633;NA;NA;NA;8882190;New Jersey
1822;2021-01-22;NM;NMA;New Mexico;2096829;248300;162045;11842;7728;130211;6210;29278;1396;NA;NA;NA;2096829;New Mexico
1822;2021-01-22;NV;NVA;Nevada;3080156;281100;126458;9126;4106;105222;3416;20345;661;NA;NA;NA;3080156;Nevada
1822;2021-01-22;NY;NYA;New York State;19453561;2367075;1203994;12168;6189;1048453;5390;142005;730;NA;NA;NA;19453561;New York
1822;2021-01-22;OH;OHA;Ohio;11689100;1222225;545499;10456;4667;500557;4282;44761;383;NA;NA;NA;11689100;Ohio
1822;2021-01-22;OK;OKA;Oklahoma;3956971;496350;287502;12544;7266;247954;6266;37435;946;NA;NA;NA;3956971;Oklahoma
1822;2021-01-22;OR;ORA;Oregon;4217737;487700;253705;11563;6015;218413;5178;34536;819;NA;NA;NA;4217737;Oregon
1822;2021-01-22;PA;PAA;Pennsylvania;12801989;1465850;652886;11450;5100;539431;4214;112692;880;NA;NA;NA;12801989;Pennsylvania
1822;2021-01-22;PR;PRA;Puerto Rico;3193694;337350;161528;10563;5058;128284;4017;32181;1008;NA;NA;NA;3193694;Puerto Rico
1822;2021-01-22;RI;RIA;Rhode Island;1059361;136225;61974;12859;5850;49932;4713;12023;1135;NA;NA;NA;1059361;Rhode Island
1822;2021-01-22;RP;RPA;Republic of Palau;17907;6000;2405;33506;13431;2403;13419;2;11;NA;NA;NA;NA;NA
1822;2021-01-22;SC;SCA;South Carolina;5148714;453150;229002;8801;4448;189170;3674;38183;742;NA;NA;NA;5148714;South Carolina
1822;2021-01-22;SD;SDA;South Dakota;884659;100275;70643;11335;7985;56762;6416;13831;1563;NA;NA;NA;884659;South Dakota
1822;2021-01-22;TN;TNA;Tennessee;6829174;798450;401595;11692;5881;324543;4752;76162;1115;NA;NA;NA;6833174;Tennessee
1822;2021-01-22;TX;TXA;Texas;28995881;2884425;1644781;9948;5672;1412767;4872;230596;795;NA;NA;NA;28995881;Texas
1822;2021-01-22;UT;UTA;Utah;3205958;341725;202729;10659;6324;175364;5470;20697;646;NA;NA;NA;3205958;Utah
1822;2021-01-22;VA;VAA;Virginia;8535519;1067775;401448;12510;4703;353808;4145;46004;539;NA;NA;NA;8535519;Virginia
1822;2021-01-22;VA2;VA2;Veterans Health;0;1150825;579663;0;0;497096;0;81966;0;NA;NA;NA;NA;NA
1822;2021-01-22;VI;VIA;Virgin Islands;104680;13525;3070;12920;2933;2703;2582;367;351;NA;NA;NA;104914;NA
1822;2021-01-22;VT;VTA;Vermont;623989;84825;46447;13594;7444;38432;6159;7954;1275;NA;NA;NA;623989;Vermont
1822;2021-01-22;WA;WAA;Washington;7614893;829950;403135;10899;5294;330357;4338;62152;816;NA;NA;NA;7614893;Washington
1822;2021-01-22;WI;WIA;Wisconsin;5822434;597225;260821;10257;4480;221067;3797;37901;651;NA;NA;NA;5822434;Wisconsin
1822;2021-01-22;WV;WVA;West Virginia;1792147;231800;180762;12934;10086;145361;8111;35390;1975;NA;NA;NA;1792147;West Virginia
1822;2021-01-22;WY;WYA;Wyoming;578759;69650;34547;12034;5969;29993;5182;4515;780;NA;NA;NA;578759;Wyoming
1822;2021-01-22;US;USA;United States;331996199;39892400;19107959;NA;NA;16243093;NA;2756953;NA;8407909;10695066;4984;NA;NA
1822;2021-01-22;LTC;LTC;Long Term Care;NA;NA;2289284;NA;NA;NA;NA;NA;NA;NA;NA;NA;NA;NA
